frame,si,ti
1,32.18498611450195,0.0
2,32.18088912963867,2.3341963291168213
3,32.173709869384766,2.4145560264587402
4,32.12946701049805,2.4252567291259766
5,32.3176383972168,2.3736069202423096
6,32.22779846191406,2.4558603763580322
7,32.270450592041016,2.495046615600586
8,32.33552551269531,2.5399727821350098
9,32.53953170776367,2.496788263320923
10,32.241416931152344,2.535828113555908
11,32.054588317871094,2.5191454887390137
12,32.21236801147461,2.5491390228271484
13,32.03420639038086,2.6199848651885986
14,31.940065383911133,2.5684549808502197
15,32.136741638183594,2.6005377769470215
16,32.41537857055664,2.5443286895751953
17,32.26926040649414,2.6298108100891113
18,32.33403778076172,2.5710694789886475
19,32.06370544433594,2.527751922607422
20,32.23110580444336,2.5621159076690674
21,32.097652435302734,2.5560355186462402
22,32.11497116088867,2.6038076877593994
23,32.176170349121094,2.638089895248413
24,32.41579818725586,2.5823094844818115
25,32.060218811035156,2.513915538787842
26,32.12776565551758,2.593353748321533
27,32.199989318847656,2.6313488483428955
28,32.00286865234375,2.647428274154663
29,32.06013107299805,2.751096248626709
30,32.282142639160156,2.7060647010803223
31,32.12513732910156,2.7718114852905273
32,32.295989990234375,2.8395161628723145
33,32.41227340698242,2.712775945663452
34,32.33327865600586,2.8211827278137207
35,32.34566116333008,2.8756954669952393
36,32.453887939453125,2.857283592224121
37,32.537025451660156,2.9931602478027344
38,32.48246765136719,3.0686545372009277
39,32.55138397216797,3.1271166801452637
40,32.79301452636719,3.0662553310394287
41,32.44402313232422,3.0952870845794678
42,32.36855697631836,3.1586720943450928
43,32.6392822265625,3.1518008708953857
44,32.40736770629883,3.1913700103759766
45,32.44075012207031,3.161468982696533
46,32.62321472167969,3.135845422744751
47,32.473968505859375,3.126147508621216
48,32.50625228881836,3.15549635887146
49,32.72602462768555,3.062525749206543
50,32.424766540527344,3.093576192855835
51,32.196311950683594,3.168579339981079
52,32.5411376953125,3.121795654296875
53,32.188045501708984,3.221883535385132
54,32.24341583251953,3.242170810699463
55,32.34883499145508,3.2199888229370117
56,32.097957611083984,3.2249252796173096
57,32.05215072631836,3.2878336906433105
58,32.249168395996094,3.214128017425537
59,32.16936111450195,3.258366823196411
60,32.150421142578125,3.2620065212249756
61,32.56369400024414,3.263033151626587
62,32.22187423706055,3.322838068008423
63,32.18791580200195,3.383389711380005
64,32.532936096191406,3.4563941955566406
65,32.1827278137207,3.3868958950042725
66,32.334171295166016,3.3412132263183594
67,32.5676383972168,3.4409825801849365
68,32.3771858215332,3.5366921424865723
69,32.3057975769043,3.674114942550659
70,32.14085006713867,3.3538403511047363
71,32.190765380859375,3.44466495513916
72,32.146339416503906,3.4541826248168945
73,32.248741149902344,3.508800745010376
74,32.098384857177734,3.449414014816284
75,32.22895050048828,3.402373790740967
76,32.30632781982422,3.4674386978149414
77,32.388118743896484,3.4617815017700195
78,32.62744140625,3.4495887756347656
79,32.4253044128418,3.5305869579315186
80,32.37556838989258,3.556119918823242
81,32.476322174072266,3.5768849849700928
82,32.441036224365234,3.5356152057647705
83,32.27112579345703,3.4738564491271973
84,32.20663833618164,3.447726011276245
85,32.10492706298828,3.5153961181640625
86,32.3603515625,3.5953245162963867
87,32.21199035644531,3.542679786682129
88,32.177467346191406,3.4554736614227295
89,32.195777893066406,3.40889310836792
90,32.38386917114258,3.3467535972595215
91,32.3903694152832,3.415708303451538
92,32.42715835571289,3.42594838142395
93,32.58906555175781,3.3243374824523926
94,32.49336624145508,3.1938579082489014
95,32.55556106567383,3.121419668197632
96,32.74018478393555,2.9758846759796143
97,32.36485290527344,2.93894624710083
98,32.457096099853516,2.8984463214874268
99,32.458404541015625,2.9093172550201416
100,32.40581512451172,2.929600954055786
101,32.31545639038086,3.0583322048187256
102,32.39901351928711,2.9765307903289795
103,32.097930908203125,2.949866771697998
104,32.12821578979492,2.903362989425659
105,32.196571350097656,2.8976142406463623
106,32.08234405517578,2.838701009750366
107,32.02142333984375,2.853023052215576
108,32.051631927490234,2.7511518001556396
109,31.779396057128906,2.688074827194214
110,31.79536247253418,2.646531581878662
111,31.729494094848633,2.4990248680114746
112,31.788022994995117,2.527860164642334
113,31.654481887817383,2.6341712474823
114,31.840898513793945,2.708181142807007
115,31.823230743408203,2.7705938816070557
116,31.75891876220703,2.7074332237243652
117,31.818347930908203,2.835883378982544
118,31.998628616333008,2.8349645137786865
119,31.818511962890625,2.909602642059326
120,31.827259063720703,2.9285826683044434
121,31.78505516052246,2.90191912651062
122,31.85416603088379,3.0092358589172363
123,31.803131103515625,3.053997278213501
124,31.96962547302246,3.015141487121582
125,31.803497314453125,3.042024850845337
126,31.884695053100586,3.049929618835449
127,32.286991119384766,3.1238505840301514
128,32.06778335571289,3.1805379390716553
129,32.143592834472656,3.1595702171325684
130,32.576568603515625,3.1367249488830566
131,32.224796295166016,3.1276395320892334
132,32.20425033569336,3.079561233520508
133,32.4300422668457,3.0107510089874268
134,32.18294143676758,3.0235893726348877
135,32.194908142089844,3.0121326446533203
136,32.25627136230469,2.9690661430358887
137,32.41236114501953,3.0044734477996826
138,32.17271423339844,3.0470829010009766
139,32.292537689208984,2.9593324661254883
140,32.12097930908203,2.9572293758392334
141,32.261077880859375,2.984987735748291
142,32.244686126708984,2.9884040355682373
143,32.12046813964844,2.999235153198242
144,32.15629577636719,2.9504528045654297
145,32.338897705078125,2.874102830886841
146,32.156158447265625,2.8081276416778564
147,32.09208297729492,2.834733247756958
148,32.288238525390625,2.8497812747955322
149,32.08405303955078,2.9017333984375
150,32.01346969604492,2.788942575454712
151,32.18505859375,2.6902618408203125
152,31.97771644592285,2.7687129974365234
153,31.96271324157715,2.7376718521118164
154,32.105567932128906,2.7438042163848877
155,31.84707260131836,2.777501106262207
156,31.827896118164062,2.814934253692627
157,32.01549530029297,2.9258904457092285
158,31.789384841918945,2.9912030696868896
159,31.808910369873047,2.9603769779205322
160,32.02228546142578,2.803631544113159
161,31.76900291442871,2.7956202030181885
162,31.71864891052246,2.7783119678497314
163,31.879051208496094,2.6475322246551514
164,31.639385223388672,2.644759178161621
165,31.66592788696289,2.7356252670288086
166,31.85500144958496,2.6838653087615967
167,31.591270446777344,2.7501401901245117
168,31.551042556762695,2.8672173023223877
169,31.66779899597168,2.94887638092041
170,31.40287208557129,3.0629682540893555
171,31.32437515258789,3.136157989501953
172,31.499849319458008,3.184673309326172
173,31.33751678466797,3.2496652603149414
174,31.415241241455078,3.272113800048828
175,31.2609920501709,3.2263412475585938
176,31.405359268188477,3.145930051803589
177,31.192237854003906,3.2140371799468994
178,31.16925048828125,3.1483750343322754
179,31.012786865234375,3.153909921646118
180,31.157033920288086,3.2436137199401855
181,31.081151962280273,3.3103981018066406
182,30.992124557495117,3.2422659397125244
183,31.068714141845703,3.2715351581573486
184,31.315059661865234,3.36812686920166
185,31.098312377929688,3.417632818222046
186,31.182451248168945,3.502455949783325
187,31.288436889648438,3.5652456283569336
188,31.455944061279297,3.616140604019165
189,31.160701751708984,3.53792405128479
190,31.112104415893555,3.319554328918457
191,31.191162109375,3.2089343070983887
192,31.209144592285156,3.2492754459381104
193,31.0457706451416,3.2166388034820557
194,31.136791229248047,3.0961992740631104
195,30.986007690429688,3.014951705932617
196,31.1330509185791,3.0538628101348877
197,31.153291702270508,3.0777394771575928
198,31.221010208129883,3.169126510620117
199,31.089130401611328,3.142791509628296
200,31.259851455688477,3.1812894344329834
201,31.462907791137695,3.268097400665283
202,31.412748336791992,3.414332389831543
203,31.278438568115234,3.375412702560425
204,31.31792449951172,3.3431599140167236
205,31.27963638305664,3.232463836669922
206,31.438377380371094,3.2914769649505615
207,31.58564567565918,3.3208601474761963
208,31.88854217529297,3.444866418838501
209,31.779251098632812,3.5845630168914795
210,31.515024185180664,3.6253366470336914
211,31.266849517822266,3.40334415435791
212,31.353273391723633,3.319732427597046
213,31.390581130981445,3.285397529602051
214,31.3406925201416,3.2835350036621094
215,31.408750534057617,3.3142035007476807
216,31.680339813232422,3.3039662837982178
217,31.538240432739258,3.264382839202881
218,31.446237564086914,3.200594663619995
219,31.475223541259766,3.1738409996032715
220,31.695415496826172,3.143399238586426
221,31.427602767944336,3.2299888134002686
222,31.37293815612793,3.220383405685425
223,31.534481048583984,3.1862094402313232
224,31.337018966674805,3.24904465675354
225,31.196489334106445,3.2367961406707764
226,31.26014518737793,3.2178640365600586
227,31.33600616455078,3.3149361610412598
228,31.19289207458496,3.392383337020874
229,31.336885452270508,3.703850746154785
230,31.152721405029297,3.4471096992492676
231,31.146757125854492,3.451327085494995
232,31.04452896118164,3.3737995624542236
233,31.030298233032227,3.3481996059417725
234,31.266021728515625,3.409390687942505
235,31.515478134155273,3.3502280712127686
236,31.078886032104492,3.342289447784424
237,31.036680221557617,3.312882423400879
238,31.052906036376953,3.318929433822632
239,31.251129150390625,3.4357495307922363
240,31.04936981201172,3.5445687770843506
241,31.17365074157715,3.556216239929199
242,31.085113525390625,3.5577590465545654
243,31.353313446044922,3.493041515350342
244,31.1326904296875,3.3504395484924316
245,31.303878784179688,3.32300066947937
246,31.405710220336914,3.4567043781280518
247,31.7843017578125,3.6977550983428955
248,31.455711364746094,3.724893808364868
249,31.339061737060547,3.645057201385498
250,31.484569549560547,3.612644910812378
251,31.290170669555664,3.7399792671203613
252,31.156192779541016,3.5971662998199463
253,31.235984802246094,3.5177674293518066
254,31.102266311645508,3.473545551300049
255,31.200380325317383,3.4456028938293457
256,31.12639045715332,3.5054049491882324
257,31.053319931030273,3.4405689239501953
258,31.0414981842041,3.4106862545013428
259,31.1750545501709,3.3189237117767334
260,31.22595977783203,3.3551788330078125
261,31.31673812866211,3.452672004699707
262,31.55655288696289,3.44132661819458
263,31.385231018066406,3.399432897567749
264,31.398731231689453,3.417137622833252
265,31.392505645751953,3.360288143157959
266,31.166561126708984,3.32620906829834
267,31.142709732055664,3.3200297355651855
268,31.206947326660156,3.2723259925842285
269,31.387470245361328,3.3363025188446045
270,31.348661422729492,3.448341131210327
271,31.335227966308594,3.446044683456421
272,31.228702545166016,3.448017120361328
273,31.468238830566406,3.4527089595794678
274,31.297414779663086,3.4158592224121094
275,31.231000900268555,3.394930839538574
276,31.285539627075195,3.404716968536377
277,31.661354064941406,3.3205058574676514
278,31.45845603942871,3.280287027359009
279,31.268604278564453,3.344062089920044
280,31.40774154663086,3.2495954036712646
281,31.19091796875,3.1524710655212402
282,31.168609619140625,3.202684164047241
283,31.340726852416992,3.2356040477752686
284,31.28335189819336,3.256953716278076
285,31.26140785217285,3.2623205184936523
286,31.628511428833008,3.1896731853485107
287,31.462671279907227,3.1839518547058105
288,31.37736701965332,3.129546642303467
289,31.713171005249023,3.100501775741577
290,31.526891708374023,3.126615047454834
291,31.404325485229492,3.1316709518432617
292,31.563676834106445,3.1023664474487305
293,31.440296173095703,3.191239595413208
294,31.485824584960938,3.157989263534546
295,31.467700958251953,3.112759590148926
296,31.766738891601562,3.077603340148926
297,31.486764907836914,3.1171517372131348
298,31.26730728149414,2.9783551692962646
299,31.578536987304688,2.9183874130249023
300,31.365459442138672,2.8782355785369873
301,31.462800979614258,2.9200189113616943
302,31.683773040771484,2.805230140686035
303,31.515953063964844,2.832799196243286
304,31.544775009155273,2.842525005340576
305,31.740936279296875,2.7879722118377686
306,31.485170364379883,2.795828104019165
307,31.444255828857422,2.7736475467681885
308,31.514251708984375,2.702132225036621
309,31.38218879699707,2.784196138381958
310,31.318737030029297,2.7246830463409424
311,31.49427032470703,2.8457000255584717
312,31.75876808166504,2.8986854553222656
313,31.44046974182129,2.9377291202545166
314,31.526813507080078,2.963524341583252
315,31.693819046020508,2.9769113063812256
316,31.449268341064453,3.064680814743042
317,31.401439666748047,3.165480136871338
318,31.603130340576172,3.14479660987854
319,31.41360092163086,3.2370355129241943
320,31.45763397216797,3.260568618774414
321,31.715045928955078,3.1403181552886963
322,31.51349639892578,3.0917446613311768
323,31.58247184753418,3.1160805225372314
324,31.84072494506836,3.0799806118011475
325,31.631242752075195,3.108671188354492
326,31.613252639770508,3.0885798931121826
327,31.768156051635742,3.0018253326416016
328,31.510116577148438,2.964989423751831
329,31.322511672973633,2.818455457687378
330,31.475421905517578,2.7715604305267334
331,31.718320846557617,2.725031852722168
332,31.48516845703125,2.834392786026001
333,31.53776741027832,2.9676599502563477
334,31.65414810180664,2.9405388832092285
335,31.47426414489746,3.006983757019043
336,31.633655548095703,3.0908946990966797
337,31.504337310791016,3.1824939250946045
338,31.528919219970703,3.167043924331665
339,31.442642211914062,3.096896171569824
340,31.68169593811035,3.0379130840301514
341,31.523265838623047,2.993910551071167
342,31.6644229888916,2.8866019248962402
343,31.614025115966797,2.9220662117004395
344,31.777284622192383,2.828796863555908
345,31.669456481933594,2.790478467941284
346,31.763402938842773,2.80910325050354
347,31.653688430786133,2.7268571853637695
348,31.647974014282227,2.808509588241577
349,31.67137908935547,2.8066306114196777
350,31.77358055114746,2.681784152984619
351,31.564374923706055,2.6641218662261963
352,31.533815383911133,2.7016384601593018
353,31.682723999023438,2.656935214996338
354,31.54517364501953,2.746324062347412
355,31.50370979309082,2.827587366104126
356,31.552814483642578,2.7847237586975098
357,31.773555755615234,2.8380112648010254
358,31.599205017089844,2.8042354583740234
359,31.513896942138672,2.796743154525757
360,31.77364158630371,2.7290279865264893
361,31.55174446105957,2.7284507751464844
362,31.6093807220459,2.902656078338623
363,31.909873962402344,2.916362762451172
364,31.67620277404785,2.902073383331299
365,31.733728408813477,2.905477523803711
366,31.91676139831543,2.749750852584839
367,31.598642349243164,2.761152744293213
368,31.613115310668945,2.7099761962890625
369,31.909503936767578,2.6558196544647217
370,31.59062385559082,2.6427528858184814
371,31.532752990722656,2.6226255893707275
372,31.714492797851562,2.5953474044799805
373,31.616334915161133,2.6979825496673584
374,31.815107345581055,2.7054409980773926
375,31.70828628540039,2.7011823654174805
376,31.82569122314453,2.761547088623047
377,31.73318099975586,2.777176856994629
378,31.528757095336914,2.7757630348205566
379,31.49167823791504,2.7743172645568848
380,31.780357360839844,2.761227607727051
381,31.542991638183594,2.7684168815612793
382,31.48847007751465,2.7841672897338867
383,31.407997131347656,2.731379985809326
384,31.397361755371094,2.760921001434326
385,31.306154251098633,2.8114731311798096
386,31.255008697509766,2.6230859756469727
387,31.1761417388916,2.571382522583008
388,31.41997528076172,2.5112810134887695
389,31.664579391479492,3.050445079803467
390,31.573402404785156,2.8052971363067627
391,31.56617546081543,2.8092715740203857
392,31.879955291748047,2.8020622730255127
393,31.630155563354492,2.8123762607574463
394,31.51144790649414,2.733839988708496
395,31.698131561279297,2.745732307434082
396,31.692611694335938,2.6711983680725098
397,31.595767974853516,2.646552801132202
398,31.811174392700195,2.567741632461548
399,31.756372451782227,2.6290476322174072
400,31.86374282836914,2.640500545501709
401,31.761659622192383,2.592467784881592
402,31.572538375854492,2.5983059406280518
403,31.498729705810547,2.567440986633301
404,31.659130096435547,2.605072021484375
405,31.610855102539062,2.734027147293091
406,31.67668342590332,2.7513582706451416
407,31.799503326416016,2.7626514434814453
408,31.716175079345703,2.689725637435913
409,31.627182006835938,2.757293939590454
410,31.610023498535156,2.620816946029663
411,31.50775146484375,2.6546883583068848
412,31.594694137573242,2.707477331161499
413,31.579177856445312,2.739781141281128
414,31.36933708190918,2.752230644226074
415,31.254013061523438,2.7530534267425537
416,31.298738479614258,2.6741549968719482
417,31.2642765045166,2.636554718017578
418,31.317533493041992,2.5663325786590576
419,31.437162399291992,2.4579391479492188
420,31.45388412475586,2.5266103744506836
421,31.40819549560547,2.590014696121216
422,31.561477661132812,2.5288164615631104
423,31.471538543701172,2.4739089012145996
424,31.526750564575195,2.4947903156280518
425,31.415773391723633,2.466373920440674
426,31.424884796142578,2.4456324577331543
427,31.397403717041016,2.4406282901763916
428,31.482101440429688,2.4331135749816895
429,31.5986270904541,2.421222686767578
430,31.435806274414062,2.313552141189575
431,31.448467254638672,2.302032232284546
432,31.623720169067383,2.2030436992645264
433,31.63836097717285,2.3010120391845703
434,31.75007438659668,2.3558971881866455
435,31.996383666992188,2.3094775676727295
436,31.808490753173828,2.4030892848968506
437,31.705238342285156,2.4986746311187744
438,31.8956241607666,2.4383492469787598
439,31.71733856201172,2.5302176475524902
440,31.72908592224121,2.499603271484375
441,31.680065155029297,2.464454412460327
442,31.787158966064453,2.4220361709594727
443,31.585247039794922,2.434065341949463
444,31.631032943725586,2.3185982704162598
445,31.463497161865234,2.292541265487671
446,31.53565788269043,2.2997121810913086
447,31.443010330200195,2.23101806640625
448,31.320398330688477,2.1823184490203857
449,31.413747787475586,2.1834352016448975
450,31.4913387298584,2.028534173965454
451,31.391910552978516,2.095393657684326
452,31.336076736450195,2.310657501220703
453,31.615982055664062,2.3727290630340576
454,31.496620178222656,2.399991989135742
455,31.51807975769043,2.5223073959350586
456,31.647790908813477,2.4748568534851074
457,31.28481674194336,2.3804619312286377
458,31.216638565063477,2.492804765701294
459,31.259498596191406,2.480609655380249
460,31.27081871032715,2.509148359298706
461,31.205230712890625,2.526724338531494
462,31.444110870361328,2.4523017406463623
463,31.281024932861328,2.4978861808776855
464,31.419551849365234,2.6367459297180176
465,31.389989852905273,2.663074254989624
466,31.314647674560547,2.7728984355926514
467,31.220815658569336,2.8392415046691895
468,31.468505859375,2.8107380867004395
469,31.394866943359375,2.862287998199463
470,31.261085510253906,2.810504198074341
471,31.233930587768555,2.802948474884033
472,31.34609031677246,2.831359386444092
473,31.102985382080078,2.8388025760650635
474,31.137948989868164,2.893474817276001
475,31.084461212158203,2.800854206085205
476,31.0158634185791,2.760296106338501
477,30.90761375427246,2.7283055782318115
478,31.062686920166016,2.5905795097351074
479,31.045310974121094,2.6283071041107178
480,31.186119079589844,2.6460704803466797
481,31.16352081298828,2.670685291290283
482,30.973819732666016,2.6865651607513428
483,30.947965621948242,2.673053503036499
484,31.123920440673828,2.671251058578491
485,30.998083114624023,2.7477598190307617
486,30.922700881958008,2.8134865760803223
487,31.076568603515625,2.9207723140716553
488,31.334434509277344,2.904733896255493
489,31.232332229614258,2.9757039546966553
490,31.13018798828125,2.942495584487915
491,30.981101989746094,2.8953967094421387
492,31.128347396850586,2.754753351211548
493,30.999244689941406,2.7437045574188232
494,30.931058883666992,2.625901460647583
495,30.9642276763916,2.620406150817871
496,31.284862518310547,2.6492931842803955
497,30.869651794433594,2.6421048641204834
498,30.801651000976562,2.6207292079925537
499,30.940593719482422,2.535076856613159
500,30.96397590637207,2.644155979156494
501,31.034027099609375,2.9341254234313965
502,30.988950729370117,2.7493178844451904
503,30.794208526611328,2.7021470069885254
504,30.731483459472656,2.609829902648926
505,30.759811401367188,2.8017842769622803
506,30.542898178100586,2.914060115814209
507,30.51508140563965,2.9791598320007324
508,30.628883361816406,3.0046889781951904
509,30.774967193603516,3.097538709640503
510,30.659263610839844,3.2601256370544434
511,30.72130584716797,3.1546218395233154
512,30.64584732055664,3.2086057662963867
513,30.819339752197266,3.1330699920654297
514,30.636320114135742,3.174487829208374
515,30.598548889160156,3.2168924808502197
516,30.77361488342285,3.113203525543213
517,30.64281463623047,3.2642500400543213
518,30.53862953186035,3.2561957836151123
519,30.557886123657227,3.290792226791382
520,30.732866287231445,3.333460807800293
521,30.625795364379883,3.450597047805786
522,30.539474487304688,3.4471120834350586
523,30.65618896484375,3.370473623275757
524,30.486278533935547,3.420315980911255
525,30.46896743774414,3.4181389808654785
526,30.42188835144043,3.4319348335266113
527,30.72563934326172,3.5134196281433105
528,30.625123977661133,3.623495578765869
529,30.69083023071289,3.5665454864501953
530,30.880504608154297,3.5239760875701904
531,30.84951400756836,3.5150253772735596
532,30.796695709228516,3.54228138923645
533,30.910320281982422,3.468087911605835
534,31.018840789794922,3.5021426677703857
535,31.097305297851562,3.508108139038086
536,31.112775802612305,3.505131959915161
537,31.274873733520508,3.4460086822509766
538,31.403400421142578,3.509047746658325
539,31.64251136779785,3.526301622390747
540,31.419981002807617,3.5839550495147705
541,31.239681243896484,3.600720167160034
542,31.383256912231445,3.6469099521636963
543,31.18313980102539,3.667901039123535
544,31.1854305267334,3.792475461959839
545,31.300966262817383,3.8424248695373535
546,31.017887115478516,3.967859983444214
547,31.000093460083008,3.942927598953247
548,31.23447608947754,3.888754367828369
549,31.33968162536621,4.180906772613525
550,31.215017318725586,3.948333263397217
551,31.091154098510742,3.839028835296631
552,31.377185821533203,3.8173608779907227
553,31.271076202392578,3.7236626148223877
554,31.18926429748535,3.6224663257598877
555,31.053573608398438,3.4907259941101074
556,31.231555938720703,3.365744113922119
557,31.275043487548828,3.5484747886657715
558,31.311716079711914,3.4647936820983887
559,31.098670959472656,3.4871675968170166
560,31.32267951965332,3.5839669704437256
561,31.145627975463867,3.6622679233551025
562,31.13134765625,3.6683998107910156
563,31.155109405517578,3.665557384490967
564,31.288450241088867,3.6765758991241455
565,31.184892654418945,3.620537757873535
566,31.174598693847656,3.4532570838928223
567,31.16977310180664,3.3738725185394287
568,31.551679611206055,3.265662908554077
569,31.46843147277832,3.302994728088379
570,31.518037796020508,3.349472761154175
571,31.589996337890625,3.295025587081909
572,31.619495391845703,3.289924383163452
573,31.52472496032715,3.331851005554199
574,31.54810905456543,3.5689356327056885
575,31.505264282226562,3.1604535579681396
576,31.61931610107422,3.125502347946167
577,31.37944793701172,3.049516201019287
578,31.437013626098633,2.971559524536133
579,31.489051818847656,3.1893699169158936
580,31.68357276916504,3.0266225337982178
581,31.654491424560547,2.998448371887207
582,31.493162155151367,2.976996660232544
583,31.617002487182617,2.925560235977173
584,31.804346084594727,2.8418421745300293
585,31.587215423583984,2.8082680702209473
586,31.46285629272461,2.8154244422912598
587,31.58784294128418,2.705148458480835
588,31.437700271606445,2.7541770935058594
589,31.31490135192871,2.7360916137695312
590,31.3663387298584,2.6354479789733887
591,31.36852264404297,2.6791064739227295
592,31.27571678161621,2.7385284900665283
593,31.46944236755371,2.6992976665496826
594,31.4461727142334,2.7884435653686523
595,31.365556716918945,2.833479404449463
596,31.355566024780273,2.9548776149749756
597,31.505687713623047,2.951991319656372
598,31.38483238220215,2.9988813400268555
599,31.502756118774414,3.0503220558166504
600,31.407859802246094,2.978705883026123
601,31.51839256286621,2.9996514320373535
602,31.459686279296875,2.965270519256592
603,31.802635192871094,2.923856019973755
604,31.579790115356445,2.936295509338379
605,31.60337257385254,2.973560333251953
606,31.477317810058594,2.9252569675445557
607,31.56658172607422,2.920819044113159
608,31.398845672607422,2.9860475063323975
609,31.50425910949707,2.896294116973877
610,31.533605575561523,2.9711735248565674
611,31.711763381958008,3.0163094997406006
612,31.632627487182617,3.0037155151367188
613,31.705827713012695,3.0263938903808594
614,31.759828567504883,2.97527813911438
615,31.881628036499023,2.8727095127105713
616,31.72566795349121,2.8512823581695557
617,31.89043617248535,2.8971376419067383
618,32.028411865234375,2.968409538269043
619,31.9953556060791,3.0161259174346924
620,31.93441390991211,3.076397180557251
621,32.132728576660156,3.0420005321502686
622,32.037261962890625,3.071504592895508
623,32.16849136352539,3.107243061065674
624,32.16067123413086,3.0823028087615967
625,32.11652755737305,3.0992870330810547
626,32.143280029296875,3.092914581298828
627,32.31837844848633,2.9585251808166504
628,32.15317153930664,2.916383981704712
629,32.193756103515625,2.9609317779541016
630,32.387271881103516,2.909740924835205
631,32.11455154418945,2.8705027103424072
632,32.172332763671875,2.874408006668091
633,32.283634185791016,2.8601346015930176
634,32.2874870300293,2.83145809173584
635,32.19786071777344,2.8657987117767334
636,32.30296325683594,2.8026180267333984
637,32.145450592041016,2.772677421569824
638,32.20746612548828,2.7144994735717773
639,32.085201263427734,2.642275810241699
640,32.038604736328125,2.6802210807800293
641,31.990480422973633,2.7257256507873535
642,32.19842529296875,2.675182580947876
643,32.10555648803711,2.7182815074920654
644,32.10856628417969,2.7618753910064697
645,32.165103912353516,2.7325549125671387
646,32.01301193237305,2.7753219604492188
647,31.998920440673828,2.8461246490478516
648,32.10114669799805,2.7659552097320557
649,31.87495231628418,2.7992255687713623
650,31.891468048095703,2.802771806716919
651,32.08434295654297,2.7944183349609375
652,32.024009704589844,2.7667224407196045
653,31.83755111694336,2.805232048034668
654,31.878334045410156,2.762711763381958
655,31.84809684753418,2.7983386516571045
656,31.953075408935547,2.7610855102539062
657,31.882421493530273,2.7081098556518555
658,31.858142852783203,2.664935350418091
659,31.82138442993164,2.6104798316955566
660,32.10783767700195,2.5204620361328125
661,31.826480865478516,2.4769985675811768
662,31.783708572387695,2.4793660640716553
663,31.957958221435547,2.4497385025024414
664,31.749923706054688,2.513573408126831
665,31.739503860473633,2.5771231651306152
666,31.91617202758789,2.581136703491211
667,31.75271987915039,2.630075454711914
668,31.86077117919922,2.6428239345550537
669,31.939346313476562,2.7015492916107178
670,31.89164161682129,2.703688383102417
671,31.83206558227539,2.823324203491211
672,31.947269439697266,2.8009560108184814
673,31.73679542541504,2.81181263923645
674,31.854045867919922,2.833754062652588
675,31.760433197021484,2.781294345855713
676,31.766408920288086,2.8340561389923096
677,31.811243057250977,2.803570508956909
678,32.02711486816406,2.784299612045288
679,31.724285125732422,2.861428737640381
680,31.664182662963867,2.8286893367767334
681,31.797260284423828,2.8801157474517822
682,31.595048904418945,2.8721425533294678
683,31.663997650146484,2.810908555984497
684,31.648744583129883,2.6970648765563965
685,31.704994201660156,2.7178866863250732
686,31.604394912719727,2.697331666946411
687,31.7027530670166,2.5577943325042725
688,31.63340950012207,2.663708448410034
689,31.676172256469727,2.7217512130737305
690,31.735340118408203,2.6670305728912354
691,31.681201934814453,2.6482388973236084
692,31.759389877319336,2.624382972717285
693,31.979223251342773,2.5331666469573975
694,31.758960723876953,2.468998432159424
695,31.693471908569336,2.466676712036133
696,31.676624298095703,2.34867262840271
697,31.782001495361328,2.3352890014648438
698,31.753374099731445,2.374514102935791
699,31.930828094482422,2.3329222202301025
700,31.815942764282227,2.3616833686828613
701,31.84018898010254,2.352501153945923
702,31.88829231262207,2.287504196166992
703,31.85991859436035,2.269542694091797
704,31.910640716552734,2.238835573196411
705,32.04967498779297,2.156724691390991
706,31.85172462463379,2.0866470336914062
707,31.763410568237305,2.029920816421509
708,31.95956039428711,1.9550148248672485
709,32.2437744140625,2.4967830181121826
710,32.26615524291992,2.03078031539917
711,32.24349594116211,2.0600249767303467
712,32.43631362915039,2.037137269973755
713,32.24412536621094,2.1397438049316406
714,32.16702651977539,2.2063190937042236
715,32.18266296386719,2.22525954246521
716,32.40785598754883,2.2759804725646973
717,32.153987884521484,2.2465574741363525
718,32.06792068481445,2.140010118484497
719,32.06247329711914,2.2920563220977783
720,32.08112335205078,2.3076579570770264
721,32.01490020751953,2.348766803741455
722,32.24655532836914,2.375540018081665
723,32.18108367919922,2.4228813648223877
724,32.324378967285156,2.4525907039642334
725,32.31807327270508,2.4431166648864746
726,32.405364990234375,2.4245073795318604
727,32.35285568237305,2.057913303375244
728,32.46038055419922,2.3338401317596436
729,32.370670318603516,2.2812321186065674
730,32.282230377197266,2.282927989959717
731,32.16633987426758,2.2590296268463135
732,32.276947021484375,2.222379446029663
733,32.1821174621582,2.289337635040283
734,32.221275329589844,2.3167564868927
735,32.306819915771484,2.285388231277466
736,32.240806579589844,2.3653981685638428
737,32.153358459472656,2.2703983783721924
738,32.164981842041016,2.226581573486328
739,32.195587158203125,2.1254382133483887
740,32.28121566772461,2.305635452270508
741,32.442867279052734,2.2717792987823486
742,32.392852783203125,2.2362613677978516
743,32.36555862426758,2.227529525756836
744,32.28165817260742,2.248333215713501
745,32.3763542175293,2.185608386993408
746,32.209571838378906,2.1626439094543457
747,32.36684799194336,2.1968562602996826
748,32.37242126464844,2.145134210586548
749,32.282108306884766,2.2067244052886963
750,32.27899932861328,2.2720625400543213
751,32.38875198364258,2.467592477798462
752,32.301116943359375,2.3142895698547363
753,32.33835983276367,2.4165306091308594
754,32.566070556640625,2.3897671699523926
755,32.341835021972656,2.472867012023926
756,32.36366653442383,2.4949679374694824
757,32.42720031738281,2.488558292388916
758,32.422271728515625,2.4983937740325928
759,32.34851837158203,2.5619494915008545
760,32.43596267700195,2.5278191566467285
761,32.29277801513672,2.5537452697753906
762,32.29081726074219,2.6145520210266113
763,32.32746124267578,2.6538453102111816
764,32.078060150146484,2.7390618324279785
765,32.14485549926758,2.77384352684021
766,32.257164001464844,2.7388031482696533
767,32.170772552490234,2.7931883335113525
768,32.253746032714844,2.767286539077759
769,32.51000213623047,2.6935629844665527
770,32.30324172973633,2.6920583248138428
771,32.191585540771484,2.682647466659546
772,32.489097595214844,2.6635358333587646
773,32.30474853515625,2.6592464447021484
774,32.35255813598633,2.6662933826446533
775,32.599300384521484,2.632298469543457
776,32.295997619628906,2.6218295097351074
777,32.40219497680664,2.6478352546691895
778,32.62184524536133,2.577486991882324
779,32.32762908935547,2.597168445587158
780,32.22593307495117,2.559532403945923
781,32.3937873840332,2.5959279537200928
782,32.417572021484375,2.5636634826660156
783,32.15154266357422,2.5484960079193115
784,32.21610641479492,2.4636149406433105
785,32.16322326660156,2.49637770652771
786,32.133811950683594,2.5463619232177734
787,32.10216522216797,2.5224192142486572
788,31.99029541015625,2.534198760986328
789,32.04706573486328,2.510777473449707
790,32.39252471923828,2.5100340843200684
791,32.235958099365234,2.5589990615844727
792,32.301361083984375,2.6076512336730957
793,32.47938537597656,2.6216938495635986
794,32.25657272338867,2.6551530361175537
795,32.267574310302734,2.7558670043945312
796,32.50068283081055,2.7098171710968018
797,32.278953552246094,2.7442786693573
798,31.988414764404297,2.6056675910949707
799,31.979692459106445,2.478882312774658
800,32.05662155151367,2.410212516784668
801,31.952861785888672,2.5223050117492676
802,32.03786087036133,2.6177639961242676
803,32.095947265625,2.668247938156128
804,32.05961608886719,2.6981863975524902
805,31.856660842895508,2.7402987480163574
806,32.07719802856445,2.6679306030273438
807,31.9456787109375,2.650135040283203
808,32.05784225463867,2.6183149814605713
809,32.06813049316406,2.5660176277160645
810,32.22542953491211,2.702256679534912
811,32.1063346862793,2.5092926025390625
812,32.21452331542969,2.535909414291382
813,32.2191276550293,2.466585874557495
814,32.07185745239258,2.4505138397216797
815,32.19681167602539,2.485635995864868
816,32.41914749145508,2.4274487495422363
817,32.1644172668457,2.4177703857421875
818,32.24749755859375,2.475076913833618
819,32.50263595581055,2.3557958602905273
820,32.26624298095703,2.4235498905181885
821,32.28211212158203,2.417926073074341
822,32.31183624267578,2.3710925579071045
823,32.23767852783203,2.4196231365203857
824,32.031593322753906,2.4374680519104004
825,32.09738540649414,2.3707449436187744
826,32.030784606933594,2.4301328659057617
827,32.031158447265625,2.445263385772705
828,32.01613235473633,2.381150960922241
829,32.03037643432617,2.411132574081421
830,32.25638198852539,2.3722586631774902
831,32.491661071777344,2.300854206085205
832,32.307899475097656,2.3350491523742676
833,32.46684265136719,2.352295160293579
834,32.68843460083008,2.3170886039733887
835,32.49967575073242,2.3624138832092285
836,32.49580001831055,2.396277904510498
837,32.59891128540039,2.325676679611206
838,32.39652633666992,2.305291175842285
839,32.5400276184082,2.3509278297424316
840,32.67131805419922,2.3213324546813965
841,32.68528747558594,2.335766077041626
842,32.47810363769531,2.4216296672821045
843,32.59592056274414,2.401306629180908
844,32.595829010009766,2.5439488887786865
845,32.740943908691406,2.6882686614990234
846,32.72357940673828,2.7408878803253174
847,32.647891998291016,2.7273948192596436
848,32.56111526489258,2.7017645835876465
849,32.71918869018555,2.6252660751342773
850,32.565269470214844,2.6313202381134033
851,32.7733039855957,2.7168021202087402
852,33.04280090332031,2.656498670578003
853,32.80265426635742,2.667588949203491
854,32.71421813964844,2.602189302444458
855,32.76287841796875,2.5352556705474854
856,32.740196228027344,2.515737771987915
857,32.746097564697266,2.6149017810821533
858,32.88174057006836,2.513779640197754
859,32.7520637512207,2.4934916496276855
860,32.83503341674805,2.4570400714874268
861,32.76964569091797,2.396122694015503
862,32.67254638671875,2.4274039268493652
863,32.72834396362305,2.4155969619750977
864,32.980194091796875,2.431076765060425
865,32.723873138427734,2.4198100566864014
866,32.65965270996094,2.38759183883667
867,32.785797119140625,2.3439695835113525
868,32.858924865722656,2.2815277576446533
869,32.649776458740234,2.738790988922119
870,32.72459411621094,2.284560441970825
871,32.58845520019531,2.332021713256836
872,32.761661529541016,2.2956702709198
873,32.62456130981445,2.368655204772949
874,32.706790924072266,2.3385982513427734
875,32.663063049316406,2.358330011367798
876,32.84302520751953,2.298501491546631
877,32.80298614501953,2.3263931274414062
878,32.69770812988281,2.290010929107666
879,32.86915588378906,2.2873191833496094
880,32.72373962402344,2.336878538131714
881,32.739593505859375,2.323167324066162
882,32.6854133605957,2.291383743286133
883,32.74099349975586,2.182283639907837
884,32.510284423828125,2.2181107997894287
885,32.474098205566406,2.213508367538452
886,32.643653869628906,2.1683828830718994
887,32.6862678527832,2.144925117492676
888,32.580257415771484,2.158560037612915
889,32.66575622558594,2.0985302925109863
890,32.588863372802734,2.149587869644165
891,32.660343170166016,2.2325594425201416
892,32.77559280395508,2.28843355178833
893,32.76166915893555,2.280226945877075
894,32.68412780761719,2.2667064666748047
895,32.99833297729492,2.277078151702881
896,32.7090950012207,2.2760660648345947
897,32.53315353393555,2.216179132461548
898,32.516395568847656,2.1909244060516357
899,32.60350036621094,2.270524263381958
900,32.40549087524414,2.331226348876953
901,32.52396011352539,2.450573682785034
902,32.632469177246094,2.4147493839263916
903,32.556610107421875,2.514975070953369
904,32.542266845703125,2.564164638519287
905,32.62862014770508,2.5512633323669434
906,32.4806022644043,2.5724897384643555
907,32.51523208618164,2.5894455909729004
908,32.853187561035156,2.5947041511535645
909,32.56672668457031,2.6046664714813232
910,32.57998275756836,2.5592241287231445
911,32.87548065185547,2.488325357437134
912,32.62525177001953,2.4587271213531494
913,32.500579833984375,2.4678595066070557
914,32.637454986572266,2.386780023574829
915,32.5662727355957,2.3813109397888184
916,32.563262939453125,2.4374797344207764
917,32.78582000732422,2.248483419418335
918,32.42742156982422,2.29071307182312
919,32.36699295043945,2.426828145980835
920,32.56425476074219,2.4666550159454346
921,32.386253356933594,2.5418426990509033
922,32.41518783569336,2.560253143310547
923,32.70492935180664,2.526735782623291
924,32.41330337524414,2.527738571166992
925,32.359745025634766,2.4727187156677246
926,32.518463134765625,2.505593776702881
927,32.466148376464844,2.51566481590271
928,32.28630447387695,2.663991689682007
929,32.35399627685547,2.5827715396881104
930,32.221649169921875,2.572939157485962
931,32.338924407958984,2.5983965396881104
932,32.278141021728516,2.5231773853302
933,32.294578552246094,2.5519614219665527
934,32.23953628540039,2.4725587368011475
935,32.28121566772461,2.4942052364349365
936,32.21089172363281,2.428480863571167
937,32.12166976928711,2.4070444107055664
938,32.101993560791016,2.453871965408325
939,32.26588439941406,2.4417052268981934
940,32.05784225463867,2.4636123180389404
941,31.991243362426758,2.47839093208313
942,32.161746978759766,2.3256092071533203
943,31.89099884033203,2.3403642177581787
944,31.84248924255371,2.271972417831421
945,31.90291404724121,2.274238348007202
946,32.023468017578125,2.201188802719116
947,32.055145263671875,2.24162220954895
948,32.129417419433594,2.1262366771698
949,32.10032272338867,2.216317653656006
950,32.18153762817383,2.2505273818969727
951,32.17253112792969,2.1850173473358154
952,32.157615661621094,2.1676816940307617
953,32.30620193481445,2.2059030532836914
954,32.56153869628906,2.1554598808288574
955,32.286529541015625,2.1650733947753906
956,32.2863883972168,2.1309072971343994
957,32.53325271606445,2.10626482963562
958,32.357357025146484,2.130748748779297
959,32.3020133972168,2.19313645362854
960,32.5825080871582,2.1734888553619385
961,32.31548309326172,2.2286288738250732
962,32.310054779052734,2.296658515930176
963,32.59785842895508,2.31843638420105
964,32.29963684082031,2.3266208171844482
965,32.28206253051758,2.333822250366211
966,32.58153533935547,2.241206169128418
967,32.33795928955078,2.197812557220459
968,32.17017364501953,2.2598023414611816
969,32.28003692626953,2.180410623550415
970,32.091121673583984,2.160975217819214
971,32.19539260864258,2.2691893577575684
972,32.31769561767578,2.2112462520599365
973,32.18958282470703,2.3307135105133057
974,32.360984802246094,2.447777509689331
975,32.60289001464844,2.441122531890869
976,32.34779357910156,2.4714643955230713
977,32.43422317504883,2.5479648113250732
978,32.54212951660156,2.487788677215576
979,32.40399932861328,2.5589940547943115
980,32.399173736572266,2.61582088470459
981,32.522186279296875,2.589794635772705
982,32.524253845214844,2.5996832847595215
983,32.40526580810547,2.543870210647583
984,32.49738311767578,2.5552473068237305
985,32.74250411987305,2.47284197807312
986,32.42304992675781,2.43288254737854
987,32.33530044555664,2.44462513923645
988,32.494380950927734,2.3126654624938965
989,32.33950424194336,2.3171162605285645
990,32.33460235595703,2.3244638442993164
991,32.337745666503906,2.2858023643493652
992,32.399871826171875,2.378170967102051
993,32.36284255981445,2.40736722946167
994,32.49141311645508,2.3405354022979736
995,32.28658676147461,2.3206770420074463
996,32.38131332397461,2.378600597381592
997,32.3899040222168,2.4048073291778564
998,32.218509674072266,2.3877081871032715
999,32.18431091308594,2.341301202774048
1000,32.34130096435547,2.2401673793792725
1001,32.26660919189453,2.4636435508728027
1002,32.10604476928711,2.334784746170044
1003,32.218101501464844,2.34798002243042
1004,32.16510772705078,2.398906946182251
1005,32.26155471801758,2.3591361045837402
1006,32.08353805541992,2.2549173831939697
1007,32.114524841308594,2.254753828048706
1008,32.33312225341797,2.195730209350586
1009,32.25578689575195,2.2892892360687256
1010,32.4210090637207,2.329050302505493
1011,32.31230926513672,2.3323135375976562
1012,32.44366455078125,2.4309136867523193
1013,32.32691955566406,2.442657709121704
1014,32.35512924194336,2.4783248901367188
1015,32.28913497924805,2.533679962158203
1016,32.31040573120117,2.6076223850250244
1017,32.250587463378906,2.573138952255249
1018,32.17631912231445,2.6025359630584717
1019,32.25396728515625,2.622220993041992
1020,32.55717468261719,2.645054817199707
1021,32.26289749145508,2.734487771987915
1022,32.20042419433594,2.745422601699829
1023,32.0392951965332,2.708296060562134
1024,32.0926399230957,2.7127652168273926
1025,32.02981948852539,2.6582860946655273
1026,32.0252799987793,2.6979825496673584
1027,31.975019454956055,2.72702693939209
1028,31.981121063232422,2.7465243339538574
1029,31.906423568725586,3.1494946479797363
1030,31.902830123901367,2.8091771602630615
1031,31.86769676208496,2.7986276149749756
1032,32.04776382446289,2.8375320434570312
1033,31.968860626220703,2.946584701538086
1034,31.928369522094727,2.9167873859405518
1035,31.988882064819336,2.856025218963623
1036,32.2045783996582,2.767983913421631
1037,32.115821838378906,2.7938449382781982
1038,32.22329330444336,2.8113625049591064
1039,32.2172966003418,2.824437141418457
1040,32.40341567993164,2.8072731494903564
1041,32.20093536376953,2.933354616165161
1042,32.21360397338867,2.9936394691467285
1043,32.259273529052734,3.04778790473938
1044,32.3109245300293,3.0624544620513916
1045,32.29372024536133,3.105074167251587
1046,32.55038070678711,3.0585498809814453
1047,32.464481353759766,3.0496296882629395
1048,32.58551025390625,3.08038067817688
1049,32.549964904785156,3.119755506515503
1050,32.54069137573242,3.1539387702941895
1051,32.613258361816406,3.180621862411499
1052,32.822357177734375,3.153322219848633
1053,32.51115417480469,3.18996524810791
1054,32.57252883911133,3.2430379390716553
1055,32.50078201293945,3.2930500507354736
1056,32.57303237915039,3.3916361331939697
1057,32.36064147949219,3.410515069961548
1058,32.41072082519531,3.390801191329956
1059,32.26719284057617,3.380866527557373
1060,32.425018310546875,3.473731517791748
1061,32.20270919799805,3.473609447479248
1062,32.10186004638672,3.4119856357574463
1063,32.05509948730469,3.423326253890991
1064,32.30168533325195,3.3509976863861084
1065,32.10504913330078,3.3421037197113037
1066,32.01394271850586,3.3008928298950195
1067,32.19068145751953,3.295243501663208
1068,32.19486999511719,3.2703073024749756
1069,32.05830001831055,3.319830894470215
1070,32.12741470336914,3.2947559356689453
1071,31.988449096679688,3.342360258102417
1072,32.04073715209961,3.3182120323181152
1073,32.114768981933594,3.226402759552002
1074,31.993356704711914,3.1359426975250244
1075,32.10905456542969,3.055540084838867
1076,32.334896087646484,2.9058749675750732
1077,32.207427978515625,2.856208324432373
1078,32.118865966796875,2.665745973587036
1079,32.14168167114258,2.6479811668395996
1080,32.238128662109375,2.5724077224731445
1081,32.15216064453125,2.609412908554077
1082,32.14462661743164,2.5724527835845947
1083,32.35602569580078,2.503333330154419
1084,32.26457595825195,2.4690821170806885
1085,32.25606918334961,2.47654128074646
1086,32.38551712036133,2.3509597778320312
1087,32.337921142578125,2.411553382873535
1088,32.372650146484375,2.4651904106140137
1089,32.245513916015625,2.5759191513061523
1090,32.21603012084961,2.49025821685791
1091,32.000057220458984,2.504544496536255
1092,31.982210159301758,2.5001211166381836
1093,31.88395118713379,2.411355495452881
1094,31.86956787109375,2.3289620876312256
1095,31.7136173248291,2.335611581802368
1096,31.854867935180664,2.2439815998077393
1097,31.904794692993164,2.4675159454345703
1098,31.830303192138672,2.4287922382354736
1099,31.877225875854492,2.4910600185394287
1100,32.126949310302734,2.4627938270568848
1101,31.817903518676758,2.579402208328247
1102,31.83327865600586,2.6799018383026123
1103,31.89370346069336,2.6779541969299316
1104,31.761653900146484,2.8390393257141113
1105,31.73631477355957,2.8563005924224854
1106,32.07500076293945,2.791003704071045
1107,31.90801429748535,2.817108631134033
1108,31.936416625976562,2.931119203567505
1109,32.14932632446289,2.88944935798645
1110,32.14801788330078,2.9240145683288574
1111,32.01144027709961,2.787998914718628
1112,32.13379669189453,2.9608356952667236
1113,32.389034271240234,3.0339224338531494
1114,32.07870101928711,3.129129648208618
1115,32.13552474975586,3.1720027923583984
1116,32.223052978515625,3.1647822856903076
1117,32.215816497802734,3.194101333618164
1118,32.13669967651367,3.25474214553833
1119,32.27128982543945,3.2610487937927246
1120,32.233821868896484,3.159207582473755
1121,32.27234649658203,3.134795904159546
1122,32.10221862792969,3.188826322555542
1123,32.04744338989258,3.118697166442871
1124,32.08839797973633,3.056473731994629
1125,32.11191940307617,3.084613561630249
1126,32.15842819213867,2.9742023944854736
1127,31.96721076965332,2.8307905197143555
1128,32.13269805908203,2.8556723594665527
1129,32.34108352661133,2.7588346004486084
1130,31.913646697998047,2.672612428665161
1131,31.8590030670166,2.638637065887451
1132,31.852859497070312,2.5562779903411865
1133,31.998640060424805,2.5243935585021973
1134,31.945690155029297,2.6305928230285645
1135,32.062625885009766,2.5585899353027344
1136,31.836814880371094,2.4742205142974854
1137,31.845155715942383,2.419330596923828
1138,31.803232192993164,2.3264153003692627
1139,31.733095169067383,2.2402751445770264
1140,31.878175735473633,2.2836830615997314
1141,32.09705352783203,2.1536824703216553
1142,31.88158416748047,2.1139841079711914
1143,31.829030990600586,2.1090497970581055
1144,32.10200500488281,2.0213937759399414
1145,31.863357543945312,2.0178115367889404
1146,31.86958885192871,2.0522801876068115
1147,32.12804412841797,2.0760433673858643
1148,31.882413864135742,2.1688613891601562
1149,31.697341918945312,2.1903703212738037
1150,31.75727081298828,2.1231558322906494
1151,31.562314987182617,2.167637825012207
1152,31.54600715637207,2.0949952602386475
1153,31.498104095458984,2.0322301387786865
1154,31.73265266418457,2.044254779815674
1155,31.727638244628906,2.1973886489868164
1156,31.82588768005371,2.267613410949707
1157,32.0435905456543,2.2445759773254395
1158,31.809720993041992,2.3567190170288086
1159,31.6627254486084,2.4344005584716797
1160,31.793100357055664,2.384634494781494
1161,31.598379135131836,2.458669900894165
1162,31.559467315673828,2.532254934310913
1163,31.689302444458008,2.527071475982666
1164,31.53685188293457,2.511854410171509
1165,31.691997528076172,2.6364634037017822
1166,31.841999053955078,2.4897172451019287
1167,31.886491775512695,2.484492063522339
1168,32.018333435058594,2.4766836166381836
1169,32.27633285522461,2.473601818084717
1170,32.11220169067383,2.5659966468811035
1171,31.978557586669922,2.59371280670166
1172,32.15829849243164,2.5902891159057617
1173,31.982112884521484,2.612215042114258
1174,32.00130081176758,2.6582834720611572
1175,32.194217681884766,2.63291597366333
1176,32.24357223510742,2.7458531856536865
1177,32.29533004760742,2.799748659133911
1178,32.50663375854492,2.7318856716156006
1179,32.198909759521484,2.729417085647583
1180,32.19633102416992,2.73083758354187
1181,32.187339782714844,2.644197702407837
1182,32.047367095947266,2.6818416118621826
1183,32.14201354980469,2.729377031326294
1184,32.25996398925781,2.748999834060669
1185,32.249507904052734,2.7525970935821533
1186,32.14609909057617,2.8136448860168457
1187,32.2949104309082,2.7896978855133057
1188,32.19056701660156,2.894679069519043
1189,32.274417877197266,3.2662906646728516
1190,32.221099853515625,3.019740581512451
1191,32.14038848876953,3.03914213180542
1192,32.291812896728516,3.0386476516723633
1193,32.34026336669922,3.0425989627838135
1194,32.0621337890625,3.0192854404449463
1195,32.15047073364258,2.9145708084106445
1196,32.21247482299805,2.9292008876800537
1197,32.38544845581055,2.9279356002807617
1198,32.350013732910156,2.9086475372314453
1199,32.16938781738281,2.8601796627044678
1200,32.25520706176758,2.909067153930664
1201,32.36189651489258,2.8419477939605713
1202,32.17049789428711,2.8720498085021973
1203,32.175872802734375,2.8906707763671875
1204,32.1971435546875,2.884434461593628
1205,32.408634185791016,2.897759437561035
1206,32.26054763793945,2.817671537399292
1207,32.447940826416016,2.7119038105010986
1208,32.3395881652832,2.6836743354797363
1209,32.2600212097168,2.607902765274048
1210,32.29304885864258,2.554525852203369
1211,32.35302734375,2.4435672760009766
1212,32.421119689941406,2.4358561038970947
1213,32.677452087402344,2.508941650390625
1214,32.510398864746094,2.6209652423858643
1215,32.53225326538086,2.56436824798584
1216,32.605499267578125,2.5711493492126465
1217,32.66521453857422,2.5597474575042725
1218,32.474552154541016,2.6383888721466064
1219,32.566009521484375,2.599588394165039
1220,32.320556640625,2.621534824371338
1221,32.336212158203125,2.6933326721191406
1222,32.22927474975586,2.632354736328125
1223,32.239139556884766,2.6075079441070557
1224,32.24320602416992,2.6134467124938965
1225,32.41428756713867,2.6867899894714355
1226,32.386016845703125,2.639435291290283
1227,32.193878173828125,2.62072491645813
1228,32.18888473510742,2.6055235862731934
1229,32.35630416870117,2.5151686668395996
1230,32.164695739746094,2.5076100826263428
1231,32.32130813598633,2.554643154144287
1232,32.436546325683594,2.568042516708374
1233,32.39146423339844,2.512021780014038
1234,32.40470504760742,2.556917667388916
1235,32.51654815673828,2.4904255867004395
1236,32.31877899169922,2.4779257774353027
1237,32.484107971191406,2.4599008560180664
1238,32.47148513793945,2.307614803314209
1239,32.348114013671875,2.312875747680664
1240,32.26683044433594,2.2857115268707275
1241,32.525291442871094,2.2627952098846436
1242,32.39543914794922,2.3474643230438232
1243,32.42753601074219,2.441270112991333
1244,32.60619354248047,2.4835033416748047
1245,32.4290885925293,2.5599188804626465
1246,32.3519287109375,2.6103336811065674
1247,32.39320373535156,2.539379835128784
1248,32.130157470703125,2.4911601543426514
1249,32.0593147277832,2.5459158420562744
1250,32.20219039916992,2.6066055297851562
1251,31.961923599243164,2.882974624633789
1252,31.854524612426758,2.677213668823242
1253,31.976993560791016,2.6494908332824707
1254,31.857444763183594,2.651315927505493
1255,31.952680587768555,2.6975584030151367
1256,32.05821228027344,2.71730899810791
1257,31.873987197875977,2.683427333831787
1258,31.807531356811523,2.6570234298706055
1259,31.975791931152344,2.6893327236175537
1260,31.945409774780273,2.7557761669158936
1261,32.03194808959961,2.719090223312378
1262,32.3217887878418,2.6040539741516113
1263,32.253448486328125,2.512809991836548
1264,32.087764739990234,2.4148635864257812
1265,32.19819641113281,2.4357829093933105
1266,32.37001419067383,2.3098549842834473
1267,31.996654510498047,2.3332359790802
1268,31.994537353515625,2.2311153411865234
1269,31.939271926879883,2.1693670749664307
1270,32.00287628173828,2.097113847732544
1271,31.891313552856445,2.2019054889678955
1272,32.07032012939453,2.2539010047912598
1273,31.89840316772461,2.3182103633880615
1274,31.944013595581055,2.2603867053985596
1275,31.879789352416992,2.2710530757904053
1276,31.920425415039062,2.349714994430542
1277,31.846651077270508,2.3404033184051514
1278,31.99139404296875,2.269108533859253
1279,31.786710739135742,2.2826554775238037
1280,31.925201416015625,2.319042921066284
1281,32.048526763916016,2.3107309341430664
1282,31.99859046936035,2.3254499435424805
1283,31.872787475585938,2.4046239852905273
1284,31.967241287231445,2.408087730407715
1285,31.939085006713867,2.54437255859375
1286,32.025386810302734,2.5650880336761475
1287,31.79355812072754,2.615692615509033
1288,31.8627872467041,2.5295865535736084
1289,31.70174789428711,2.5839154720306396
1290,31.704607009887695,2.5719802379608154
1291,31.678796768188477,2.5352907180786133
1292,31.675851821899414,2.5406692028045654
1293,31.747644424438477,2.423316478729248
1294,32.028079986572266,2.365349054336548
1295,31.859943389892578,2.430213212966919
1296,31.622180938720703,2.301807403564453
1297,31.534086227416992,2.1744444370269775
1298,31.597217559814453,2.1797356605529785
1299,31.33487319946289,2.126856565475464
1300,31.243059158325195,2.1159558296203613
1301,31.30733871459961,2.0182034969329834
1302,31.355073928833008,2.0167794227600098
1303,31.23862648010254,1.9911311864852905
1304,31.299760818481445,1.942842721939087
1305,31.225589752197266,1.959850549697876
1306,31.335037231445312,1.9791579246520996
1307,31.326194763183594,1.9230200052261353
1308,31.281747817993164,1.8464022874832153
1309,31.315074920654297,1.7841928005218506
1310,31.47933578491211,1.6766153573989868
1311,31.39826774597168,1.7196067571640015
1312,31.381454467773438,1.7054170370101929
1313,31.616899490356445,1.643048882484436
1314,31.406654357910156,1.6524388790130615
1315,31.450946807861328,1.6562542915344238
1316,31.554916381835938,1.6658477783203125
1317,31.566007614135742,1.6777756214141846
1318,31.419368743896484,1.7175205945968628
1319,31.459056854248047,1.6597439050674438
1320,31.36115074157715,1.7144047021865845
1321,31.343425750732422,1.8049757480621338
1322,31.330001831054688,1.8228212594985962
1323,31.287574768066406,1.8645015954971313
1324,31.44015121459961,1.968077540397644
1325,31.622760772705078,1.9278687238693237
1326,31.390810012817383,1.9729058742523193
1327,31.326416015625,2.044926404953003
1328,31.38220977783203,2.016885280609131
1329,31.366798400878906,2.057713508605957
1330,31.240324020385742,1.9869970083236694
1331,31.352985382080078,1.9286268949508667
1332,31.282451629638672,2.0999269485473633
1333,31.516799926757812,2.2230193614959717
1334,31.585939407348633,2.246208906173706
1335,31.44103240966797,2.2855467796325684
1336,31.486696243286133,2.2893006801605225
1337,31.658918380737305,2.24259090423584
1338,31.613178253173828,2.3162620067596436
1339,31.560495376586914,2.284562826156616
1340,31.727066040039062,2.2340235710144043
1341,31.516870498657227,2.1676547527313232
1342,31.538644790649414,2.1586921215057373
1343,31.705368041992188,2.0917351245880127
1344,31.558042526245117,2.101616144180298
1345,31.57148551940918,2.1134841442108154
1346,31.83001136779785,2.1146652698516846
1347,31.681493759155273,2.0976221561431885
1348,31.7043514251709,2.096867322921753
1349,31.77366828918457,2.581270694732666
1350,31.890308380126953,2.2301952838897705
1351,31.775489807128906,2.2790145874023438
1352,31.843563079833984,2.285534620285034
1353,31.9222469329834,2.278590440750122
1354,32.02760314941406,2.2774434089660645
1355,32.031253814697266,2.3626341819763184
1356,32.31684112548828,2.347136974334717
1357,32.26316452026367,2.2994186878204346
1358,32.295654296875,2.2625069618225098
1359,32.34754180908203,2.23708176612854
1360,32.27878189086914,2.1649653911590576
1361,32.30624008178711,2.165433645248413
1362,32.44180679321289,2.1803762912750244
1363,32.36996841430664,2.2440292835235596
1364,32.5062255859375,2.1938352584838867
1365,32.7452392578125,2.196197509765625
1366,32.707969665527344,2.1511411666870117
1367,32.558494567871094,2.159789562225342
1368,32.58366012573242,2.080446720123291
1369,32.45063018798828,2.047907590866089
1370,32.532958984375,2.070610523223877
1371,32.49244689941406,2.080082654953003
1372,32.458839416503906,2.035569429397583
1373,32.46826934814453,1.9846638441085815
1374,32.636619567871094,1.9975974559783936
1375,32.56074523925781,2.0154500007629395
1376,32.45941925048828,2.0203804969787598
1377,32.497676849365234,1.9939212799072266
1378,32.551021575927734,1.9690123796463013
1379,32.453346252441406,2.0412192344665527
1380,32.551734924316406,1.9931622743606567
1381,32.497657775878906,1.9943547248840332
1382,32.58997344970703,2.05570912361145
1383,32.52962875366211,2.006293773651123
1384,32.514705657958984,2.1176064014434814
1385,32.332916259765625,2.034716844558716
1386,32.3496208190918,1.9817978143692017
1387,32.305755615234375,1.8730629682540894
1388,32.26099395751953,1.8484498262405396
1389,32.5125732421875,2.039454936981201
1390,32.84556198120117,2.125336170196533
1391,32.57456970214844,2.138822078704834
1392,32.53038024902344,2.21677565574646
1393,32.666202545166016,2.080554962158203
1394,32.42263412475586,2.08071231842041
1395,32.395877838134766,2.0672595500946045
1396,32.434967041015625,2.027653455734253
1397,32.40827178955078,2.0643131732940674
1398,32.26362609863281,2.0428264141082764
1399,32.33671569824219,1.9880809783935547
1400,32.22258758544922,2.009498119354248
1401,32.310787200927734,2.0228004455566406
1402,32.28615188598633,1.9900606870651245
1403,32.17789077758789,2.023862838745117
1404,32.20808792114258,2.0449461936950684
1405,32.41716003417969,2.008589267730713
1406,32.2816276550293,1.9614863395690918
1407,32.279212951660156,1.990990161895752
1408,32.425662994384766,1.9297877550125122
1409,32.26561737060547,1.9768328666687012
1410,32.26285934448242,2.0879828929901123
1411,32.119991302490234,1.8578428030014038
1412,32.19792556762695,1.868976354598999
1413,32.11970901489258,1.8501307964324951
1414,31.969802856445312,1.8051142692565918
1415,32.016326904296875,1.7504979372024536
1416,32.21312713623047,1.5425598621368408
1417,32.032012939453125,1.6394973993301392
1418,32.07089614868164,1.6915392875671387
1419,32.27787399291992,1.682477593421936
1420,32.11775207519531,1.7201470136642456
1421,32.09461975097656,1.8036080598831177
1422,32.27195358276367,1.7780534029006958
1423,32.06816864013672,1.7787997722625732
1424,32.03132629394531,1.8513821363449097
1425,32.15509796142578,1.8629032373428345
1426,31.956045150756836,1.8442293405532837
1427,31.959577560424805,1.8708648681640625
1428,32.13986587524414,1.7847423553466797
1429,32.048667907714844,1.884955644607544
1430,32.038124084472656,1.8156154155731201
1431,32.06676483154297,1.862802505493164
1432,32.25493621826172,1.844984769821167
1433,32.04215621948242,1.893173336982727
1434,32.05665588378906,1.9302538633346558
1435,32.263580322265625,1.9394404888153076
1436,32.10443115234375,1.9430485963821411
1437,32.1285285949707,1.963395357131958
1438,32.32139205932617,1.9345663785934448
1439,32.142303466796875,1.948447823524475
1440,32.12929153442383,1.9796481132507324
1441,32.31936264038086,1.9462662935256958
1442,32.24832534790039,1.981155276298523
1443,32.25062942504883,1.9584739208221436
1444,32.34035110473633,1.9074162244796753
1445,32.70542526245117,1.9377716779708862
1446,32.479774475097656,1.8943766355514526
1447,32.4772834777832,1.9176126718521118
1448,32.73644256591797,1.894653558731079
1449,32.56121063232422,1.9137917757034302
1450,32.526920318603516,1.9241987466812134
1451,32.62000274658203,1.8050285577774048
1452,32.42852020263672,1.8068863153457642
1453,32.38029098510742,1.8856552839279175
1454,32.50792694091797,1.7670533657073975
1455,32.36526107788086,1.7983155250549316
1456,32.35279846191406,1.8961098194122314
1457,32.49425506591797,1.881382942199707
1458,32.33574676513672,1.9183683395385742
1459,32.30150604248047,2.008192300796509
1460,32.426029205322266,2.0784358978271484
1461,32.3265266418457,2.150310516357422
1462,32.38058090209961,2.223660945892334
1463,32.67171859741211,2.2472710609436035
1464,32.511478424072266,2.2836856842041016
1465,32.44065856933594,2.2560503482818604
1466,32.57355880737305,2.112311601638794
1467,32.48762893676758,2.1089768409729004
1468,32.6440315246582,2.1429953575134277
1469,32.824974060058594,2.120718479156494
1470,32.568180084228516,2.1302897930145264
1471,32.53157424926758,2.134249210357666
1472,32.675716400146484,2.0620057582855225
1473,32.53715133666992,2.1014482975006104
1474,32.45991134643555,2.0501129627227783
1475,32.43895721435547,2.0124025344848633
1476,32.61356735229492,1.9790695905685425
1477,32.45043182373047,2.0310349464416504
1478,32.33287811279297,1.9149901866912842
1479,32.31370162963867,1.8337892293930054
1480,32.43259811401367,1.7393330335617065
1481,32.31345748901367,1.7391653060913086
1482,32.4609375,1.7629507780075073
1483,32.687232971191406,1.724704623222351
1484,32.444435119628906,1.7251967191696167
1485,32.4674186706543,1.7762187719345093
1486,32.53034210205078,1.7405452728271484
1487,32.33302307128906,1.7691762447357178
1488,32.40504455566406,1.8131417036056519
1489,32.50756072998047,1.7466424703598022
1490,32.37068176269531,1.833715558052063
1491,32.45445251464844,1.8855185508728027
1492,32.54190444946289,1.818690299987793
1493,32.394134521484375,1.8778655529022217
1494,32.381961822509766,1.8713337182998657
1495,32.42902374267578,1.9081876277923584
1496,32.51612854003906,1.8419517278671265
1497,32.40473175048828,1.872251033782959
1498,32.367488861083984,1.9108995199203491
1499,32.43794250488281,1.8656343221664429
1500,32.30817794799805,1.8681656122207642
1501,32.20352554321289,2.1493074893951416
1502,32.22608947753906,1.9222232103347778
1503,32.28718948364258,2.0439486503601074
1504,32.33219528198242,2.071690082550049
1505,32.48625564575195,2.064770460128784
1506,32.26102828979492,2.0106029510498047
1507,32.230403900146484,2.005897283554077
1508,32.428504943847656,1.9448423385620117
1509,32.659542083740234,2.4866933822631836
1510,32.6323127746582,2.007683038711548
1511,32.58839416503906,2.017054796218872
1512,32.65671157836914,1.993592619895935
1513,32.47533416748047,2.010483741760254
1514,32.536094665527344,2.057497024536133
1515,32.60684585571289,2.0009894371032715
1516,32.41535949707031,2.071380138397217
1517,32.51364517211914,2.0654287338256836
1518,32.58586883544922,2.0592517852783203
1519,32.59016418457031,2.066711664199829
1520,32.30436706542969,2.1713249683380127
1521,32.32029342651367,2.015658140182495
1522,32.23423767089844,2.001674175262451
1523,32.32079315185547,2.028764247894287
1524,32.33572006225586,1.9660470485687256
1525,32.19401931762695,1.9401872158050537
1526,32.16659927368164,1.9368929862976074
1527,32.31899642944336,1.9115277528762817
1528,32.18427276611328,1.970350742340088
1529,32.21509552001953,2.019991159439087
1530,32.363922119140625,2.0578413009643555
1531,32.31548309326172,1.9464120864868164
1532,32.24210739135742,1.965453028678894
1533,32.3530387878418,1.9788384437561035
1534,32.334190368652344,2.110205888748169
1535,32.44841766357422,2.199885368347168
1536,32.24188232421875,2.229701280593872
1537,32.290557861328125,2.1631202697753906
1538,32.18140411376953,2.207760810852051
1539,32.22726058959961,2.208226203918457
1540,32.18524169921875,2.1644105911254883
1541,32.203609466552734,2.1780881881713867
1542,32.10248565673828,2.1082613468170166
1543,32.16099166870117,2.1529347896575928
1544,32.163551330566406,2.164618492126465
1545,32.11271667480469,2.190828561782837
1546,32.2546501159668,2.212538480758667
1547,32.338966369628906,2.1440656185150146
1548,32.26201248168945,2.2186381816864014
1549,32.24048614501953,2.2340877056121826
1550,32.43552780151367,2.182926893234253
1551,32.27044677734375,2.1751861572265625
1552,32.29206466674805,2.0589065551757812
1553,32.37140655517578,2.1051535606384277
1554,32.2595100402832,2.1647706031799316
1555,32.20183563232422,2.3574883937835693
1556,32.32341003417969,2.277801275253296
1557,32.123329162597656,2.3212990760803223
1558,32.31769561767578,2.5331060886383057
1559,32.246368408203125,2.601590871810913
1560,32.247291564941406,2.724890947341919
1561,32.305381774902344,2.811225175857544
1562,32.36827087402344,2.9722707271575928
1563,32.148651123046875,3.0085055828094482
1564,32.12484359741211,3.0579798221588135
1565,32.258575439453125,3.0789220333099365
1566,32.255680084228516,3.1181023120880127
1567,32.16792297363281,3.1545307636260986
1568,32.42913055419922,3.263990640640259
1569,32.27704620361328,3.3151791095733643
1570,32.14908981323242,3.351104736328125
1571,32.443485260009766,3.3834166526794434
1572,32.310123443603516,3.5281126499176025
1573,32.288089752197266,3.610588550567627
1574,32.42082214355469,3.586792230606079
1575,32.29688262939453,3.575134515762329
1576,32.46451950073242,3.5174953937530518
1577,32.32997131347656,3.4464824199676514
1578,32.386207580566406,3.4257545471191406
1579,32.336456298828125,3.313558578491211
1580,32.183719635009766,3.207943916320801
1581,32.038047790527344,3.2321903705596924
1582,32.305110931396484,3.0986504554748535
1583,32.18100357055664,3.1612019538879395
1584,32.15350341796875,3.248107433319092
1585,32.2935676574707,3.3607428073883057
1586,32.3803596496582,3.670234441757202
1587,32.270423889160156,3.730233669281006
1588,32.22404861450195,3.5477499961853027
1589,32.096435546875,3.510101795196533
1590,32.062255859375,3.3733577728271484
1591,31.953344345092773,3.512878179550171
1592,32.04085922241211,3.4604218006134033
1593,32.11017608642578,3.443220376968384
1594,32.1220588684082,3.396458148956299
1595,31.94955825805664,3.4319634437561035
1596,31.811185836791992,3.3418657779693604
1597,31.88709259033203,3.3684239387512207
1598,31.946979522705078,3.3867080211639404
1599,31.91267967224121,3.593783378601074
1600,31.807235717773438,3.7440695762634277
1601,31.724157333374023,3.682816982269287
1602,31.823970794677734,3.6219894886016846
1603,31.688119888305664,3.6566805839538574
1604,31.780357360839844,3.5601818561553955
1605,31.721088409423828,3.527320384979248
1606,31.546178817749023,3.535074472427368
1607,31.27981185913086,3.47275972366333
1608,31.220319747924805,3.3589487075805664
1609,31.112163543701172,3.285083532333374
1610,31.29714584350586,3.3275444507598877
1611,31.144975662231445,3.2102231979370117
1612,31.08924102783203,3.159750461578369
1613,31.26123046875,3.1548967361450195
1614,31.35938262939453,2.8685221672058105
1615,31.33077621459961,2.791411876678467
1616,31.38528060913086,2.6519052982330322
1617,31.566076278686523,2.5495717525482178
1618,31.300804138183594,2.5500504970550537
1619,31.328048706054688,2.462918758392334
1620,31.412750244140625,2.396115303039551
1621,31.213699340820312,2.288069248199463
1622,31.22220230102539,2.3496451377868652
1623,31.448551177978516,2.2379648685455322
1624,31.24807357788086,2.320070505142212
1625,31.26873016357422,2.2837021350860596
1626,31.66484832763672,2.288698673248291
1627,31.344715118408203,2.2516543865203857
1628,31.315223693847656,2.2662980556488037
1629,31.382173538208008,2.1865530014038086
1630,31.462909698486328,2.236633062362671
1631,31.22227668762207,2.273653268814087
1632,31.31253433227539,2.4152631759643555
1633,31.402116775512695,2.231616735458374
1634,31.280628204345703,2.306907892227173
1635,31.294010162353516,2.3599586486816406
1636,31.265913009643555,2.3895676136016846
1637,31.398235321044922,2.488830804824829
1638,31.235816955566406,2.3536384105682373
1639,31.4913387298584,2.2620537281036377
1640,31.444063186645508,2.3149032592773438
1641,31.429412841796875,2.454775094985962
1642,31.43138313293457,2.373027801513672
1643,31.524669647216797,2.474125862121582
1644,31.54506492614746,2.437563180923462
1645,31.899553298950195,2.348567485809326
1646,31.71853256225586,2.334317922592163
1647,31.772293090820312,2.3476967811584473
1648,31.86038589477539,2.2634902000427246
1649,31.84762954711914,2.2418155670166016
1650,31.627473831176758,2.2439351081848145
1651,31.833324432373047,2.1319353580474854
1652,31.596622467041016,2.1362316608428955
1653,31.69951820373535,2.189487934112549
1654,31.810077667236328,2.2002320289611816
1655,31.939435958862305,2.3015635013580322
1656,31.852609634399414,2.371551752090454
1657,31.934844970703125,2.3897664546966553
1658,31.905092239379883,2.294942617416382
1659,31.975688934326172,2.217859983444214
1660,31.796493530273438,2.190500497817993
1661,31.78142547607422,2.1556267738342285
1662,31.825613021850586,2.150547742843628
1663,31.729902267456055,2.1608240604400635
1664,31.849924087524414,2.1941075325012207
1665,32.034000396728516,2.1436564922332764
1666,31.870914459228516,2.1496620178222656
1667,31.85822296142578,2.1293420791625977
1668,32.0590705871582,2.0750181674957275
1669,32.184532165527344,2.556811571121216
1670,32.08454132080078,2.0802271366119385
1671,32.0384407043457,2.0721817016601562
1672,32.19408416748047,1.9834802150726318
1673,31.96355438232422,1.9823079109191895
1674,31.954669952392578,1.9598240852355957
1675,31.984901428222656,1.9308514595031738
1676,32.06621170043945,1.904763102531433
1677,32.029457092285156,1.9857786893844604
1678,32.27659606933594,1.9742908477783203
1679,32.103973388671875,1.9295121431350708
1680,32.19118881225586,1.9531505107879639
1681,32.25381088256836,1.9206598997116089
1682,32.08087158203125,1.925250768661499
1683,32.07444381713867,1.9574697017669678
1684,32.26056671142578,1.935430645942688
1685,32.105186462402344,1.9674409627914429
1686,32.25688171386719,1.9041143655776978
1687,32.38100051879883,1.909570574760437
1688,32.44997787475586,1.9301477670669556
1689,32.34149169921875,2.044248342514038
1690,32.330894470214844,1.9940297603607178
1691,32.27741241455078,2.0340921878814697
1692,32.44374084472656,2.1082515716552734
1693,32.29655456542969,2.0878732204437256
1694,32.35138702392578,2.1433849334716797
1695,32.28573989868164,2.075735092163086
1696,32.43232727050781,2.048738479614258
1697,32.38058853149414,2.125016927719116
1698,32.29896926879883,2.134376287460327
1699,32.47662353515625,2.047477960586548
1700,32.317779541015625,2.05153226852417
1701,32.332115173339844,2.075845718383789
1702,32.674354553222656,2.0590262413024902
1703,32.38475036621094,2.0445470809936523
1704,32.41794204711914,2.0878612995147705
1705,32.42386245727539,2.0761964321136475
1706,32.49628829956055,2.0873467922210693
1707,32.387386322021484,2.1225621700286865
1708,32.411170959472656,1.9902364015579224
1709,32.410194396972656,2.014855146408081
1710,32.87250518798828,2.251770496368408
1711,32.54764938354492,2.1170029640197754
1712,32.49201965332031,2.1809866428375244
1713,32.62054443359375,2.109086513519287
1714,32.39807891845703,2.0931172370910645
1715,32.416019439697266,2.0799098014831543
1716,32.69764709472656,1.9728275537490845
1717,32.38112258911133,1.9734127521514893
1718,32.324668884277344,1.939004898071289
1719,32.4957389831543,1.8599814176559448
1720,32.303138732910156,1.8571290969848633
1721,32.454811096191406,1.9700889587402344
1722,32.60536193847656,2.02231764793396
1723,32.5967903137207,2.1177685260772705
1724,32.53717041015625,2.1422975063323975
1725,32.6401252746582,2.1038284301757812
1726,32.369483947753906,2.0886547565460205
1727,32.54032516479492,2.128283739089966
1728,32.49498748779297,2.128661632537842
1729,32.348724365234375,2.1036605834960938
1730,32.4854850769043,2.140353202819824
1731,32.732666015625,2.1301376819610596
1732,32.553951263427734,2.2214982509613037
1733,32.57478332519531,2.253967046737671
1734,32.779048919677734,2.153169870376587
1735,32.51193618774414,2.19085955619812
1736,32.51350784301758,2.236274480819702
1737,32.569644927978516,2.163525342941284
1738,32.48721694946289,2.191818952560425
1739,32.45094680786133,2.3175337314605713
1740,32.523719787597656,2.2002053260803223
1741,32.491607666015625,2.2875864505767822
1742,32.60338592529297,2.3048558235168457
1743,32.57147216796875,2.3556954860687256
1744,32.748538970947266,2.310645580291748
1745,32.516380310058594,2.3350274562835693
1746,32.59516143798828,2.3180837631225586
1747,32.604496002197266,2.2739460468292236
1748,32.53959655761719,2.299896001815796
1749,32.717254638671875,2.370810031890869
1750,32.92357635498047,2.3163013458251953
1751,32.85657501220703,2.5436103343963623
1752,32.820640563964844,2.415909767150879
1753,32.93198013305664,2.329660177230835
1754,32.73149871826172,2.1732163429260254
1755,32.75711441040039,2.0866942405700684
1756,32.684879302978516,2.0896711349487305
1757,32.904022216796875,2.140645742416382
1758,32.70591735839844,2.128434181213379
1759,32.939090728759766,2.2727277278900146
1760,32.94880676269531,2.1633076667785645
1761,32.85417556762695,2.1503875255584717
1762,32.82395935058594,2.1255886554718018
1763,32.95194625854492,2.012479305267334
1764,32.74710464477539,1.9648646116256714
1765,32.742462158203125,1.9532617330551147
1766,32.95052719116211,1.8431798219680786
1767,32.80768966674805,1.8921602964401245
1768,32.84197235107422,1.9317944049835205
1769,32.82107925415039,1.9350541830062866
1770,32.919437408447266,1.8751717805862427
1771,32.84373092651367,1.9010944366455078
1772,33.06782150268555,1.7917574644088745
1773,32.97922134399414,1.8141846656799316
1774,32.989463806152344,1.8082256317138672
1775,32.927303314208984,1.9229457378387451
1776,33.129058837890625,1.847103476524353
1777,33.01982498168945,1.864568829536438
1778,33.042816162109375,1.8887603282928467
1779,33.04185485839844,1.8097578287124634
1780,32.99296569824219,1.8130544424057007
1781,33.17034149169922,1.909036636352539
1782,33.3211669921875,1.757187008857727
1783,32.99093246459961,1.7528696060180664
1784,32.95673370361328,1.695035457611084
1785,33.012264251708984,1.6094965934753418
1786,32.85166931152344,1.6902811527252197
1787,32.76552200317383,1.6901963949203491
1788,32.84150314331055,1.6682244539260864
1789,33.07240295410156,1.7509957551956177
1790,32.818084716796875,1.7176175117492676
1791,32.70996856689453,1.7069976329803467
1792,32.727176666259766,1.6261869668960571
1793,32.79695129394531,1.7365938425064087
1794,32.667076110839844,1.7636252641677856
1795,32.56735610961914,1.7786946296691895
1796,32.71067810058594,1.6790927648544312
1797,32.601192474365234,1.792278528213501
1798,32.71095657348633,1.8430737257003784
1799,32.647342681884766,1.8834553956985474
1800,32.61701583862305,1.884960412979126
